{"cameraMode":{"drawMode":0,"name":"Shaded","section":"Shading Mode"},"sceneLighting":false,"audioPlay":false,"sceneViewState":{"m_AlwaysRefresh":false,"showFog":true,"showSkybox":false,"showFlares":true,"showImageEffects":true,"showParticleSystems":true,"showVisualEffectGraphs":true,"m_FxEnabled":true},"in2DMode":false,"pivot":{"x":1.7661375999450684,"y":0.9930883646011353,"z":1.9739620685577393},"rotation":{"x":0.046808332204818729,"y":0.5563085079193115,"z":-0.03140711784362793,"w":0.829066812992096},"size":4.665271282196045,"orthographic":false}