{"cameraMode":{"drawMode":0,"name":"Shaded","section":"Shading Mode"},"sceneLighting":true,"audioPlay":false,"sceneViewState":{"m_AlwaysRefresh":false,"showFog":true,"showSkybox":true,"showFlares":true,"showImageEffects":true,"showParticleSystems":true,"showVisualEffectGraphs":true,"m_FxEnabled":true},"in2DMode":false,"pivot":{"x":0.7025677561759949,"y":0.6769082546234131,"z":-0.42604732513427737},"rotation":{"x":0.00046575814485549927,"y":0.9954538345336914,"z":-0.0952630266547203,"w":0.005081644281744957},"size":6.9474873542785648,"orthographic":true}