{"cameraMode":{"drawMode":0,"name":"Shaded","section":"Shading Mode"},"sceneLighting":false,"audioPlay":false,"sceneViewState":{"m_AlwaysRefresh":false,"showFog":true,"showSkybox":false,"showFlares":true,"showImageEffects":true,"showParticleSystems":true,"showVisualEffectGraphs":true,"m_FxEnabled":true},"in2DMode":false,"pivot":{"x":4.639307975769043,"y":-10.426323890686036,"z":-28.242996215820314},"rotation":{"x":0.00046575814485549927,"y":0.9954538345336914,"z":-0.0952630266547203,"w":0.005081644281744957},"size":2.534336805343628,"orthographic":false}