{"cameraMode":{"drawMode":0,"name":"Shaded","section":"Shading Mode"},"sceneLighting":false,"audioPlay":false,"sceneViewState":{"m_AlwaysRefresh":false,"showFog":true,"showSkybox":false,"showFlares":true,"showImageEffects":true,"showParticleSystems":true,"showVisualEffectGraphs":true,"m_FxEnabled":true},"in2DMode":false,"pivot":{"x":-4.7795186042785648,"y":1.9128183126449586,"z":3.472485065460205},"rotation":{"x":0.029304953292012216,"y":0.07788797467947006,"z":-0.002289137337356806,"w":0.9965327382087708},"size":3.900423288345337,"orthographic":false}