{"cameraMode":{"drawMode":0,"name":"Shaded","section":"Shading Mode"},"sceneLighting":false,"audioPlay":false,"sceneViewState":{"m_AlwaysRefresh":false,"showFog":true,"showSkybox":false,"showFlares":true,"showImageEffects":true,"showParticleSystems":true,"showVisualEffectGraphs":true,"m_FxEnabled":true},"in2DMode":false,"pivot":{"x":-0.2192983627319336,"y":2.2271735668182375,"z":3.0399749279022219},"rotation":{"x":0.03481375426054001,"y":0.6775802969932556,"z":-0.03213938698172569,"w":0.7339261174201965},"size":2.102217674255371,"orthographic":false}